Aerospace Propulsion,129,1
Aerospace Astronautics,129,2
Aerospace Aeronautics,129,3
Civil,128,4
Computer,127,5
Computer Science,122,6
Computer Science Business Administration,122,7
Computer Science Cybersecurity,120,8
Computer Science Homeland Security,122,9
Computer Science Human Factors,120,10
Electrical,129,11
Electrical Avionics,129,12
Mechanical Biomedical Systems,129,13
Mechanical Energy Systems,129,14
Mechanical High Performance Vehicles,129,15
Mechanical Robotic Systems,129,16
Software,127,17