ID,1234567
Course 1,N/A
Course 2,N/A
Course 3,N/A
Course 4,N/A
Course 5,N/A
Course 6,N/A
Course 7,N/A
Course 8,N/A
Course 9,N/A
Course 10,N/A
Course 11,N/A
Course 12,N/A
Course 13,N/A
Course 14,N/A
Course 15,N/A
Course 16,N/A
Course 17,N/A
Course 18,N/A
Course 19,N/A
Course 20,N/A
Course 21,N/A
Course 22,N/A
Course 23,N/A
Course 24,N/A
Course 25,N/A
Course 26,N/A
Course 27,N/A
Course 28,N/A
Course 29,N/A
Course 30,N/A
Course 31,N/A
Course 32,N/A
Course 33,N/A
Course 34,N/A
Course 35,N/A
Course 36,N/A
Course 37,N/A
Course 38,N/A
Course 39,N/A
Course 40,N/A
Course 41,N/A
Course 42,N/A
Course 43,N/A
Course 44,N/A
Course 45,N/A
Course 46,N/A
Course 47,N/A
Course 48,N/A
Course 49,N/A
Course 50,N/A
Course 51,N/A
Course 52,N/A
Course 53,N/A
Course 54,N/A
Course 55,N/A
Course 56,N/A
Course 57,N/A
Course 58,N/A
Course 59,N/A
Course 60,N/A
Course 61,N/A
Course 62,N/A
Course 63,N/A
Course 64,N/A
Course 65,N/A
Course 66,N/A
Course 67,N/A
Course 68,N/A
Course 69,N/A
Course 70,N/A
Course 71,N/A
Course 72,N/A
Course 73,N/A
Course 74,N/A
Course 75,N/A
Course 76,N/A
Course 77,N/A
Course 78,N/A
Course 79,N/A
Course 80,N/A
Course 81,N/A
Course 82,N/A
Course 83,N/A
Course 84,N/A
Course 85,N/A
Course 86,N/A
Course 87,N/A
Course 88,N/A
Course 89,N/A
Course 90,N/A
Course 91,N/A
Course 92,N/A
Course 93,N/A
Course 94,N/A
Course 95,N/A
Course 96,N/A
Course 97,N/A
Course 98,N/A
Course 99,N/A
Course 100,N/A
Course 101,N/A
Course 102,N/A
Course 103,N/A
Course 104,N/A
Course 105,N/A
Course 106,N/A
Course 107,N/A
Course 108,N/A
Course 109,N/A
Course 110,N/A
Course 111,N/A
Course 112,N/A
Course 113,N/A
Course 114,N/A
Course 115,N/A
Course 116,N/A
Course 117,N/A
Course 118,N/A
Course 119,N/A
Course 120,N/A
Course 121,N/A
Course 122,N/A
Course 123,N/A
Course 124,N/A
Course 125,N/A
Course 126,N/A
Course 127,N/A
Course 128,N/A
Course 129,N/A
Course 130,N/A
Course 131,N/A
Course 132,N/A
Course 133,N/A
Course 134,N/A
Course 135,N/A
Course 136,N/A